nombre_completo,nombre,nombres
Ángel Mendoza,,
Cristina Reyes,,
Verónica Herrera,,
Alejandro Flores,,
Julio Gutiérrez,,
David González,,
Sara Torres,,
Carmen Vega,,
Verónica Molina,,
Raquel Ortega,,
Juan Jiménez,,
Alejandro Vega,,
Patricia Cruz,,
Fernando Ramírez,,
Lorena Martínez,,
Daniel Romero,,
Ricardo Hidalgo,,
Patricia Navarro,,
Laura Martínez,,
Laura Jiménez,,
Roberto Flores,,
Pedro Navarro,,
Oscar Ramírez,,
Patricia Hernández,,
Oscar Vargas,,
Sara Cruz,,
Luis González,,
Fernando Núñez,,
Silvia Cruz,,
,Ana Luna,
,Sara Guerrero,
,Eva Silva,
,Sofía Ruíz,
,Cristina Gutiérrez,
,Cristina García,
,Marta Castro,
,Beatriz Díaz,
,Patricia Sánchez,
,Sara González,
,Manuel Fuentes,
,Gabriel Flores,
,Adrián Flores,
,Elena Santos,
,Luis Morales,
,Natalia García,
,Francisco Romero,
,Adrián Reyes,
,Ángel González,
,Silvia Fuentes,
,María Zamora,
,Roberto López,
,Luis Zamora,
,Francisco García,
,Beatriz Sánchez,
,Patricia Fuentes,
,Fernando Álvarez,
,Clara Peralta,
,Alberto Rojas,
,Marta Molina,
,,David Silva
,,Marta Cabrera
,,Iván Martínez
,,Gabriel Ruiz
,,Raquel Hernández
,,Iván Mendoza
,,Raquel Velasco
,,Cristina Zamora
,,Clara Ortiz
,,Alejandro Rojas
,,Jorge Flores
,,Silvia Cabrera
,,Roberto García
,,David Salazar
,,Adrián Flores
,,Lucía Mendoza
,,Jorge Ruíz
,,Alejandra López
,,Jorge Reyes
,,Francisco Romero
,,Martina Romero
,,Manuel Zamora
,,Patricia Romero
,,Manuel García
,,Gabriel Gómez
,,Marta Alonso
,,Verónica Gómez
,,Pedro Flores
,,David Díaz
,,Javier Ortiz
,,Pedro Flores
